{"faces":[[59,58,54,53,49,48],[56,57,58,59,55],[46,47,48,49,45],[51,52,53,54,50],[45,49,53,52,33,32],[55,59,48,47,39,38],[50,54,58,57,43,42],[46,45,32,31,19,18],[34,33,52,51,23,22],[35,39,47,46,18,17],[51,50,42,41,24,23],[56,55,38,37,29,28],[44,43,57,56,28,27],[31,32,33,34,30],[36,37,38,39,35],[41,42,43,44,40],[16,17,18,19,15],[21,22,23,24,20],[26,27,28,29,25],[15,19,31,30,3,2],[30,34,22,21,4,3],[36,35,17,16,14,13],[20,24,41,40,8,7],[25,29,37,36,13,12],[40,44,27,26,9,8],[10,14,16,15,2,1],[4,21,20,7,6,0],[9,26,25,12,11,5],[11,12,13,14,10],[6,7,8,9,5],[1,2,3,4,0],[6,5,11,10,1,0]],"vertices":[[-0.0239312931782782,0.39181943925417484,0.9197254114434619],[0.35130289244572527,0.175189740865217,0.9197254114434618],[0.6309858544055714,0.3918313573929212,0.669567885560156],[0.42860534248831444,0.7423648499316879,0.5149629854749777],[0.02384431865380048,0.7423529317929416,0.669567885560156],[-0.3273723268812022,-0.21662969838895788,0.9197253359237652],[-0.3273723268812022,0.21662969838895788,0.9197253359237652],[-0.6548309006731271,0.35052157440002046,0.6695678100404593],[-0.8572114125903841,5.188938057584126e-18,0.5149629099552809],[-0.6548309006731271,-0.35052157440002046,0.6695678100404592],[0.35130321274466125,-0.17518745862164983,0.9197252220268571],[-0.023930972879342195,-0.3918171570106077,0.9197252220268571],[0.023844638952736474,-0.7423506495493745,0.6695676961435513],[0.42860566278725043,-0.7423506495493745,0.514962796058373],[0.6309861747045075,-0.3918171570106077,0.6695676961435513],[0.8571579700246369,0.21664400015545343,0.467273360738101],[0.8571579700246369,-0.2166273147612086,0.46727336073810105],[0.9344604200672261,-0.35051919077227117,0.06251233690358701],[0.9822360318993049,0.0000023836277492595115,-0.18764378684574862],[0.9344604200672261,0.350535876166516,0.06251233690358703],[-0.6161963894346983,0.6339831796923152,0.46727347976294026],[-0.24096220381069475,0.8506247962200194,0.46727347976294026],[-0.16365975376810563,0.9845285903698283,0.0625124559284263],[-0.49111832756003043,0.8506247962200194,-0.18764366782090935],[-0.7708012895198766,0.6339831796923152,0.0625124559284263],[-0.24096183879673075,-0.8506272812257089,0.4672739756586411],[-0.6161960244207343,-0.6339856646980048,0.4672739756586411],[-0.7708009245059126,-0.6339975828367511,0.06251295182412706],[-0.4911179625460665,-0.8506391993644554,-0.1876431719252086],[-0.1636593887541416,-0.9845310753755179,0.06251295182412707],[0.4911179625460665,0.8506391993644552,0.18764317192520866],[0.7708009245059126,0.6339975828367511,-0.06251295182412701],[0.6161960244207343,0.6339856646980048,-0.4672739756586411],[0.24096183879673086,0.8506272812257089,-0.4672739756586411],[0.16365938875414174,0.9845310753755179,-0.062512951824127],[0.7708012895198766,-0.6339831796923152,-0.06251245592842626],[0.49111832756003043,-0.8506247962200194,0.1876436678209094],[0.16365975376810568,-0.9845285903698283,-0.06251245592842626],[0.2409622038106948,-0.8506247962200194,-0.46727347976294026],[0.6161963894346983,-0.6339831796923152,-0.46727347976294026],[-0.9822360318993049,-0.0000023836277492491337,0.18764378684574867],[-0.9344604200672261,0.35051919077227117,-0.06251233690358698],[-0.8571579700246369,0.2166273147612086,-0.467273360738101],[-0.8571579700246369,-0.21664400015545343,-0.46727336073810105],[-0.9344604200672261,-0.350535876166516,-0.06251233690358697],[0.6548309006731271,0.35052157440002046,-0.6695678100404592],[0.8572114125903841,5.188938057584126e-18,-0.5149629099552809],[0.6548309006731271,-0.35052157440002046,-0.6695678100404592],[0.3273723268812022,-0.21662969838895788,-0.919725335923765],[0.3273723268812022,0.21662969838895788,-0.9197253359237652],[-0.6309861747045075,0.3918171570106077,-0.6695676961435513],[-0.4286056627872505,0.7423506495493745,-0.5149627960583729],[-0.02384463895273645,0.7423506495493745,-0.6695676961435512],[0.02393097287934223,0.3918171570106077,-0.9197252220268571],[-0.35130321274466125,0.17518745862164983,-0.9197252220268569],[-0.02384431865380045,-0.7423529317929416,-0.669567885560156],[-0.42860534248831444,-0.7423648499316879,-0.5149629854749777],[-0.6309858544055714,-0.3918313573929212,-0.669567885560156],[-0.35130289244572527,-0.175189740865217,-0.9197254114434619],[0.02393129317827824,-0.39181943925417484,-0.9197254114434618]]}